"","Fiscal.Year","NAICS_Code","Action.Obligation","Obligation.2016","vendor_count","hh_index","pct_sum_check","top4","top8","top12","top20","top50","GEO.id2","NAICS.id","NAICS.display-label","OPTAX.id","OPTAX.display-label","ESTAB","RCPTOT","PAYANN","EMP"
"1",2007,NA,4375093086.5266,5020763239.07115,877,551.910051962698,NA,0.406909664623888,0.569180368295086,0.662396777743621,0.775359516714843,0.906548279777865,NA,NA,NA,NA,NA,NA,NA,NA,NA
"2",2012,NA,647836121.3497,676096974.900543,544,2684.31550142662,NA,0.794260019664509,0.875451131420301,0.91669845117229,0.960993288090781,0.996038463873771,NA,NA,NA,NA,NA,NA,NA,NA,NA
